Nike,$20.00
Polo Ralph Lauren,$42.50
Polo Ralph Lauren,$42.50
Jockey,$26.00
Jockey,$26.00
Jockey,$28.00
Calvin Klein,$64.50
Polo Ralph Lauren,$59.50
Polo Ralph Lauren,$42.50
Polo Ralph Lauren,$42.50
Polo Ralph Lauren,$42.50
Nike,$20.00
Jockey,"$30.00
		                                                                                



Now $18.00"
Jockey,$29.50
Jockey,$24.00
Polo Ralph Lauren,$59.50
Jockey,$26.00
Jockey,$29.50
Tommy Hilfiger,$59.50
Jockey,$26.00
Nike,$20.00
Polo Ralph Lauren,$59.50
Alfani,$34.00
Tommy Hilfiger,$39.50
Calvin Klein,$64.50
Nike,$20.00
Polo Ralph Lauren,$42.50
Polo Ralph Lauren,$42.50
Nike,$22.00
Tommy Hilfiger,$39.50
Polo Ralph Lauren,"$23.00
		                                                                                


Now $13.80 
- 23.00"
Hanes,"$38.00
		                                                                                



Sale $30.40"
Polo Ralph Lauren,$42.50
Nike,$22.00
Polo Ralph Lauren,$59.50
Polo Ralph Lauren,"Everyday Value
		                                                                                    




 $21.98"
Jockey,$29.50
Calvin Klein,$64.50
Alfani,$34.00
Hanes,"$38.00
		                                                                                



Sale $30.40"
Polo Ralph Lauren,$59.50
Polo Ralph Lauren,"Everyday Value
		                                                                                    




 $21.98"
Jockey,$26.00
Hanes,"$38.00
		                                                                                



Sale $30.40"
Gold Toe,"$22.00
		                                                                                



Sale $17.60"
Hanes,"$38.00
		                                                                                



Sale $30.40"
Alfani,$34.00
Calvin Klein,"$14.00
		                                                                                



Sale $11.20"
Polo Ralph Lauren,"Everyday Value
		                                                                                    




 $21.98"
Alfani,$14.00
Gold Toe,"$24.00
		                                                                                



Sale $19.20"
Jockey,$29.50
Jockey,$29.50
Calvin Klein,$30.00
Polo Ralph Lauren,$59.50
Jockey,$24.00
Gold Toe,"$24.00
		                                                                                



Sale $19.20"
Hanes,"$38.00
		                                                                                



Sale $30.40"
Tommy Hilfiger,$39.50
Jockey,$26.00
Calvin Klein,$64.50
Tommy Hilfiger,$39.50
Hanes,"$38.00
		                                                                                



Sale $30.40"
Polo Ralph Lauren,$28.00
Jockey,$26.00
Jockey,$29.50
